Datetime,Water Level (m)
2025-05-18 18:00:00,0.14838247
2025-05-18 19:00:00,0.4329934
2025-05-18 20:00:00,0.5964428
2025-05-18 21:00:00,0.60712105
2025-05-18 22:00:00,0.42436436
2025-05-18 23:00:00,0.089135155
2025-05-19 00:00:00,-0.28583914
2025-05-19 01:00:00,-0.57890457
2025-05-19 02:00:00,-0.7372096
2025-05-19 03:00:00,-0.6732324
2025-05-19 04:00:00,-0.36213973
2025-05-19 05:00:00,0.04605899
2025-05-19 06:00:00,0.45776895
2025-05-19 07:00:00,0.8217172
2025-05-19 08:00:00,1.0730954
2025-05-19 09:00:00,1.141686
2025-05-19 10:00:00,0.96604747
2025-05-19 11:00:00,0.6010884
2025-05-19 12:00:00,0.17173807
2025-05-19 13:00:00,-0.21270427
2025-05-19 14:00:00,-0.5339114
2025-05-19 15:00:00,-0.7519475
2025-05-19 16:00:00,-0.7557593
2025-05-19 17:00:00,-0.49543372
2025-05-19 18:00:00,-0.13705122
2025-05-19 19:00:00,0.17792048
2025-05-19 20:00:00,0.47382107
2025-05-19 21:00:00,0.66623193
2025-05-19 22:00:00,0.6931744
2025-05-19 23:00:00,0.53371996
2025-05-20 00:00:00,0.23885591
2025-05-20 01:00:00,-0.11180719
2025-05-20 02:00:00,-0.39164117
2025-05-20 03:00:00,-0.574181
2025-05-20 04:00:00,-0.56296134
2025-05-20 05:00:00,-0.31483492
2025-05-20 06:00:00,0.045048285
2025-05-20 07:00:00,0.42678756
2025-05-20 08:00:00,0.7883925
2025-05-20 09:00:00,1.0348557
2025-05-20 10:00:00,1.1157898
2025-05-20 11:00:00,0.98085856
2025-05-20 12:00:00,0.6593924
2025-05-20 13:00:00,0.24216232
2025-05-20 14:00:00,-0.16786012
2025-05-20 15:00:00,-0.51944476
2025-05-20 16:00:00,-0.7669503
2025-05-20 17:00:00,-0.79253745
2025-05-20 18:00:00,-0.5413075
2025-05-20 19:00:00,-0.20270309
2025-05-20 20:00:00,0.14674768
2025-05-20 21:00:00,0.51317465
2025-05-20 22:00:00,0.76813674
2025-05-20 23:00:00,0.8544046
2025-05-21 00:00:00,0.73091584
2025-05-21 01:00:00,0.44193792
2025-05-21 02:00:00,0.07796241
2025-05-21 03:00:00,-0.26026902
2025-05-21 04:00:00,-0.5038935
2025-05-21 05:00:00,-0.59215426
2025-05-21 06:00:00,-0.40288702
2025-05-21 07:00:00,-0.059558265
2025-05-21 08:00:00,0.33790818
2025-05-21 09:00:00,0.71227384
2025-05-21 10:00:00,0.9877894
2025-05-21 11:00:00,1.1147478
2025-05-21 12:00:00,1.0275747
2025-05-21 13:00:00,0.7660257
2025-05-21 14:00:00,0.34024286
2025-05-21 15:00:00,-0.099388406
2025-05-21 16:00:00,-0.5049854
2025-05-21 17:00:00,-0.8095766
2025-05-21 18:00:00,-0.90883976
2025-05-21 19:00:00,-0.68376833
2025-05-21 20:00:00,-0.23177087
2025-05-21 21:00:00,0.1706756
2025-05-21 22:00:00,0.60809594
2025-05-21 23:00:00,0.9121211
2025-05-22 00:00:00,1.0363375
2025-05-22 01:00:00,0.9426578
2025-05-22 02:00:00,0.6577807
2025-05-22 03:00:00,0.27093297
2025-05-22 04:00:00,-0.15057898
2025-05-22 05:00:00,-0.48968834
2025-05-22 06:00:00,-0.6788354
2025-05-22 07:00:00,-0.57726204
2025-05-22 08:00:00,-0.23169513
2025-05-22 09:00:00,0.21051876
2025-05-22 10:00:00,0.655019
2025-05-22 11:00:00,0.9892839
2025-05-22 12:00:00,1.1369021
2025-05-22 13:00:00,1.0617777
2025-05-22 14:00:00,0.7596752
2025-05-22 15:00:00,0.32303286
2025-05-22 16:00:00,-0.20332825
2025-05-22 17:00:00,-0.675553
2025-05-22 18:00:00,-1.010363
2025-05-22 19:00:00,-1.1007829
2025-05-22 20:00:00,-0.80590105
2025-05-22 21:00:00,-0.25200737
2025-05-22 22:00:00,0.30082473
2025-05-22 23:00:00,0.8140657
2025-05-23 00:00:00,1.1659166
2025-05-23 01:00:00,1.2911752
2025-05-23 02:00:00,1.1714789
2025-05-23 03:00:00,0.8214219
2025-05-23 04:00:00,0.3276432
2025-05-23 05:00:00,-0.19662839
2025-05-23 06:00:00,-0.6170302
2025-05-23 07:00:00,-0.84758353
2025-05-23 08:00:00,-0.74544996
2025-05-23 09:00:00,-0.3153935
2025-05-23 10:00:00,0.20292087
2025-05-23 11:00:00,0.71803725
2025-05-23 12:00:00,1.1016195
2025-05-23 13:00:00,1.2722111
2025-05-23 14:00:00,1.1887313
2025-05-23 15:00:00,0.8477603
2025-05-23 16:00:00,0.31846297
2025-05-23 17:00:00,-0.2975644
2025-05-23 18:00:00,-0.80866057
2025-05-23 19:00:00,-1.1722463
2025-05-23 20:00:00,-1.2589513
2025-05-23 21:00:00,-0.8265219
2025-05-23 22:00:00,-0.15605177
2025-05-23 23:00:00,0.5006641
2025-05-24 00:00:00,1.081947
2025-05-24 01:00:00,1.4531721
2025-05-24 02:00:00,1.5758718
2025-05-24 03:00:00,1.4044732
2025-05-24 04:00:00,0.9642742
2025-05-24 05:00:00,0.33030048
2025-05-24 06:00:00,-0.31067213
2025-05-24 07:00:00,-0.79847914
2025-05-24 08:00:00,-1.0541604
2025-05-24 09:00:00,-0.92693824
2025-05-24 10:00:00,-0.3617004
2025-05-24 11:00:00,0.25631997
2025-05-24 12:00:00,0.8318223
2025-05-24 13:00:00,1.2195345
2025-05-24 14:00:00,1.3503108
2025-05-24 15:00:00,1.2279828
2025-05-24 16:00:00,0.8349011
2025-05-24 17:00:00,0.22333172
2025-05-24 18:00:00,-0.46180093
